{"train_loss_step":1.241998553276062,"_runtime":77831.69713167,"train_acc_step":0.6254444718360901,"epoch":2999,"trainer/global_step":2999,"_timestamp":1.7549806749376748e+09,"train_loss_epoch":1.241998553276062,"train_acc_epoch":0.6254444718360901,"val_loss":1.5211149454116821,"val_acc":0.6883333325386047,"_wandb":{"runtime":77832},"_step":6599}